"","X.x","AGENCY_AREA","CATCHMENT","WATERBODY_TYPE_DESCRIPTION","WATER_BODY.x","SITE_ID","SITE_VERSION","NGR_PREFIX","EASTING","NORTHING","NGR_10_FIG.x","WFD_WATERBODY_ID","ALTITUDE","SLOPE","DIST_FROM_SOURCE","DISCHARGE","WIDTH","DEPTH","BOULDERS_COBBLES","PEBBLES_GRAVEL","SAND","SILT_CLAY","ALKALINITY","CONDUCTIVITY","TOTAL_HARDNESS","CALCIUM","BASE_DATA_DATE","MIN_SAMPLE_DATE","MAX_SAMPLE_DATE","COUNT_OF_SAMPLES","ECN_SITE_INV","SAMPLES_PER_SITE","X.y","WATER_BODY.y","NGR_10_FIG.y","SAMPLE_ID","SAMPLE_VERSION","REPLICATE_CODE","SAMPLE_DATE","SAMPLE_TYPE_DESCRIPTION","SAMPLE_METHOD_DESCRIPTION","SAMPLE_REASON","ANALYSIS_ID","DATE_OF_ANALYSIS","ANALYSIS_TYPE_DESCRIPTION","ANALYSIS_METHOD_DESCRIPTION","BMWP_N_TAXA","BMWP_TOTAL","BMWP_ASPT","WHPT_N_TAXA","WHPT_TOTAL","WHPT_ASPT","CCI_N_TAXA","CCI_CS_TOTAL","CCI_ASPT","CSmax_CoS","BMWP_CoS","CCI_CoS","CCI","DEHLI_N_TAXA","DIS_TOTAL","DEHLI","EPSI_ML_S_GRP","EPSI_ML_ALL_GRP","EPSI_MIXED_LEVEL_SCORE","EPSI_S_GRP","EPSI_ALL_GRP","EPSI_FAMILY_SCORE","LIFE_N_TAXA","LIFE_SCORES_TOTAL","LIFE_FAMILY_INDEX","LIFE_SPECIES_N_TAXA","LIFE_SPECIES_SCORES_TOTAL","LIFE_SPECIES_INDEX","PSI_ML_AB","PSI_ML_ABCD","PSI_MIXED_LEVEL_SCORE","PSI_AB","PSI_ABCD","PSI_FAMILY_SCORE","WHPT_NW_N_TAXA","WHPT_NW_TOTAL","WHPT_NW_ASPT","IS_THIRD_PARTY_DATA","SAMPLE_DATE_YEAR","SAMPLE_DATE_MONTH","identifier.x","sample.samplingPoint.notation","Ammoniacal Nitrogen as N_mg/l","Oxygen, Dissolved as O2_mg/l","pH_phunits","Oxygen, Dissolved, % Saturation_%","Temperature of Water_cel","Nitrate as N_mg/l","Nitrite as N_mg/l","Ammonia un-ionised as N_mg/l","Orthophosphate, reactive as P_mg/l","Nitrogen, Total Oxidised as N_mg/l","Solids, Suspended at 105 C_mg/l","BOD : 5 Day ATU_mg/l","Phosphorus, Total as P_mg/l","Chlorophyll : Acetone Extract_ug/l","identifier.y","annelid","crustacean","flatworm (Turbellaria)","insect - beetle (Coleoptera)","insect - caddis fly (Trichoptera)","insect - dragonfly (Odonata)","insect - mayfly (Ephemeroptera)","insect - stonefly (Plecoptera)","insect - true fly (Diptera)","mollusc","macro_richness","total_abundance","ept_richness","ept_abundance"
"1",199,"THAMES - NORTH EAST","STORT","RIVER: Natural/semi-natural flowing fresh watercourse","FIDDLERS BROOK",33303,2,"TL",44904,11950,"TL4490411950","GB106038033260",45,10,8.58,1,2,14,14,33,4,49,273.5,NA,NA,NA,"2012-10-04","1998-05-20","2019-11-22",10,FALSE,1,1807,"FIDDLERS BROOK","TL4490411950",642111,1,"",2012-09-20,"FRESHWATER: INVERTEBRATE All macroinvertebrate samples","3-MIN POND NET (BT001): 3-min active sampling, 1-min hand search as per BT001","National Monitoring",630796,"2012-10-11","LABORATORY PRIMARY: Analysed in laboratory by primary analyst","LOG ABUNDANCE: Estimate of the log abundance (scale as  BT001)",17,72,4.24,19,66.5,3.5,16,32,2,5,3,5,10,11,44,4,3.24,8.86,36.57,NA,5.36,0,17,102,6,19,116,6.11,7,36,19.44,6,35,17.14,19,72.4,3.81,"No",2012,9,"9E94C9F1-729E-409B-ABB4-965BF7297140","TH-PLER0308",0.089,5.77,7.685,58.5,15.95,1.8,0.042,0.00138,0.157,1.845,NA,NA,NA,NA,"9E94C9F1-729E-409B-ABB4-965BF7297140",84,140,1,14,21,0,0,0,170,244,25,682,2,21
"2",241,"THAMES - NORTH EAST","INGREBOURNE","RIVER: Natural/semi-natural flowing fresh watercourse","ROM/BEAM",33567,1,"TQ",50250,83200,"TQ5025083200","GB106037028100",5,0.5,19.87,1,7,100,5,5,0,90,172,NA,NA,NA,"1995-01-01","1995-05-10","2013-10-30",13,FALSE,1,2290,"ROM/BEAM","TQ5025083200",643279,1,"",2012-10-05,"FRESHWATER: INVERTEBRATE All macroinvertebrate samples","3-MIN POND NET (BT001): 3-min active sampling, 1-min hand search as per BT001","National investigative monitoring",634926,"2012-12-21","LABORATORY PRIMARY: Analysed in laboratory by primary analyst","LOG ABUNDANCE: Estimate of the log abundance (scale as  BT001)",17,63,3.71,18,63.2,3.51,NA,NA,NA,NA,NA,NA,NA,12,45,3.75,NA,NA,NA,1.5,7.58,19.79,16,97,6.06,NA,NA,NA,NA,3,0,6,37,16.22,18,64.5,3.58,"No",2012,10,"638658A9-38F5-4B38-88A7-3B1C5AB315DF","TH-PRGR0001",0.1415,9.915,7.98,103.8,17.2,4.37,0.1021,0.002895,0.2395,4.47,NA,NA,NA,NA,"638658A9-38F5-4B38-88A7-3B1C5AB315DF",58,305,5,11,0,5,90,0,20,47,19,549,1,90
"3",365,"THAMES - NORTH EAST","COLNE (THAMES)","RIVER: Natural/semi-natural flowing fresh watercourse","COLNE BROOK",34013,1,"TQ",1900,72300,"TQ0190072300","GB106039023000",17,0.7,57.9,4,13,40,4,71,12,13,229,NA,NA,NA,"2012-10-04","1990-05-10","2020-11-06",35,FALSE,1,3428,"COLNE BROOK","TQ0190072300",642620,1,"",2012-09-27,"FRESHWATER: INVERTEBRATE All macroinvertebrate samples","3-MIN POND NET (BT001): 3-min active sampling, 1-min hand search as per BT001","Local Investigative monitoring",639202,"2013-01-17","LABORATORY PRIMARY: Analysed in laboratory by primary analyst","LOG ABUNDANCE: Estimate of the log abundance (scale as  BT001)",25,135,5.4,28,146.9,5.25,23,51,2.22,5,5,5,11.09,19,102,5.37,11.26,22.41,50.25,7.48,16.22,46.12,25,173,6.92,30,215,7.17,22,65,33.85,21,53,39.62,28,146.5,5.23,"No",2012,9,"A460A276-DCC6-4C90-AAD4-05423A267E2F","TH-PCNR0039",0.0343333333333333,8.775,8.17,93.6,18.35,7.43,0.0200333333333333,0.001215,0.411666666666667,7.45,4.58333333333333,NA,NA,NA,"A460A276-DCC6-4C90-AAD4-05423A267E2F",16,140,1,70,29,15,37,0,25,352,37,721,11,66
"4",366,"THAMES - NORTH EAST","LEE","RIVER: Natural/semi-natural flowing fresh watercourse","LEE (THAMES)",34014,1,"TL",38500,8200,"TL3850008200","GB106038077851",28,0.6,57.51,5,20.8,176.67,1,14,17,68,224,NA,NA,NA,"1995-01-01","1975-01-15","2016-09-09",43,FALSE,1,3453,"LEE (THAMES)","TL3850008200",641074,1,"",2012-09-05,"FRESHWATER: INVERTEBRATE All macroinvertebrate samples","3-MIN POND NET (BT001): 3-min active sampling, 1-min hand search as per BT001","National Monitoring",631613,"2012-10-31","LABORATORY PRIMARY: Analysed in laboratory by primary analyst","LOG ABUNDANCE: Estimate of the log abundance (scale as  BT001)",12,45,3.75,13,48.6,3.74,NA,NA,NA,NA,NA,NA,NA,8,30,3.75,NA,NA,NA,1.77,5.4,32.78,10,61,6.1,NA,NA,NA,NA,3,0,5,25,20,13,53.6,4.12,"No",2012,9,"F00A2255-F0DC-4EC4-8C04-2EB3B18BC1EB","TH-PLER0060",0.05325,9.14,7.925,95.925,17.475,8.565,0.044025,0.00121,0.27625,8.5975,15.1575,NA,NA,19,"F00A2255-F0DC-4EC4-8C04-2EB3B18BC1EB",20,250,0,0,0,1,3,0,601,110,16,987,1,3
"5",368,"THAMES - NORTH EAST","BEANE","RIVER: Natural/semi-natural flowing fresh watercourse","BEANE",34017,1,"TL",29771,19790,"TL2977119790","GB106038033310",58,2,18.41,2,4.2,13.67,10,72,10,8,203,NA,NA,NA,"1995-01-01","1990-04-09","2020-10-06",82,FALSE,1,3500,"BEANE","TL2977119790",641056,1,"",2012-09-04,"FRESHWATER: INVERTEBRATE All macroinvertebrate samples","3-MIN POND NET (BT001): 3-min active sampling, 1-min hand search as per BT001","National Monitoring",637652,"2013-01-31","LABORATORY PRIMARY: Analysed in laboratory by primary analyst","LOG ABUNDANCE: Estimate of the log abundance (scale as  BT001)",17,80,4.71,19,89.3,4.7,20,40,2,5,3,5,10,12,56,4.67,8.13,11.43,71.13,5.53,7.7,71.82,16,114,7.13,23,168,7.3,19,40,47.5,20,35,57.14,19,91.5,4.82,"No",2012,9,"9A0DCC33-D666-4C01-A7AB-02B7B6476AC2","TH-PLER0012",0.0773333333333333,8.78666666666667,7.59333333333333,91.9,17.2,2.66666666666667,0.0474666666666667,0.00093,0.1,2.71333333333333,3.42666666666667,1.16666666666667,NA,NA,"9A0DCC33-D666-4C01-A7AB-02B7B6476AC2",40,1010,0,0,31,0,13,0,304,74,29,1474,10,44
"6",384,"THAMES - NORTH EAST","RODING","RIVER: Natural/semi-natural flowing fresh watercourse","RODING",34034,1,"TQ",50300,97400,"TQ5030097400","GB106037028180",28,1,43.03,2,4.3,30,3,67,15,15,226,NA,NA,NA,"1995-01-01","1990-03-12","2020-11-12",46,FALSE,1,3702,"RODING","TQ5030097400",643237,1,"",2012-10-08,"FRESHWATER: INVERTEBRATE All macroinvertebrate samples","3-MIN POND NET (BT001): 3-min active sampling, 1-min hand search as per BT001","National Monitoring",631776,"2012-11-05","LABORATORY PRIMARY: Analysed in laboratory by primary analyst","LOG ABUNDANCE: Estimate of the log abundance (scale as  BT001)",19,88,4.63,22,86.3,3.92,14,23,1.64,3,3,3,4.93,16,70,4.38,4.63,10.28,45.04,1.75,6.63,26.4,19,115,6.05,19,120,6.32,6,43,13.95,8,41,19.51,22,93.3,4.24,"No",2012,10,"8DAD085A-36CB-487A-9F90-A8CA2CA1B837","TH-PRGR0032",0.04,7.25666666666667,7.85,74.4,16.5666666666667,4.37333333333333,0.0308666666666667,0.000823333333333333,0.342333333333333,4.40333333333333,8.13333333333333,1.16666666666667,NA,2.26666666666667,"8DAD085A-36CB-487A-9F90-A8CA2CA1B837",122,300,2,0,9,0,2,0,71,126,31,632,6,11
"7",414,"THAMES - SOUTH EAST","RAVENSBOURNE","RIVER: Natural/semi-natural flowing fresh watercourse","RAVENSBOURNE",34087,1,"TQ",41410,67270,"TQ4141067270","GB106039023260",57,8.6,3.31,1,1.8,4.67,2,73,15,10,127,NA,NA,NA,"1995-01-01","1985-01-21","2015-10-08",32,FALSE,1,4073,"RAVENSBOURNE","TQ4141067270",643374,1,"",2012-10-04,"FRESHWATER: INVERTEBRATE All macroinvertebrate samples","3-MIN POND NET (BT001): 3-min active sampling, 1-min hand search as per BT001","National investigative monitoring",639225,"2012-11-23","LABORATORY PRIMARY: Analysed in laboratory by primary analyst","LOG ABUNDANCE: Estimate of the log abundance (scale as  BT001)",16,62,3.88,19,68.5,3.61,7,9,1.29,1,3,3,3.86,11,41,3.73,2,4.7,42.55,1.25,4.2,29.76,15,94,6.27,12,76,6.33,4,26,15.38,7,33,21.21,19,74.5,3.92,"No",2012,10,"ACBBE281-5E3A-49EE-A1BC-632FC26EDF94","TH-PRVR0029",0.1905,7.79,7.725,78.8,16.1,0.498,0.05205,0.00315,0.071,0.55,10.025,2.85,NA,NA,"ACBBE281-5E3A-49EE-A1BC-632FC26EDF94",278,310,3,1,3,0,6,0,84,19,21,710,2,9
"8",441,"THAMES - NORTH EAST","MIMRAM","RIVER: Natural/semi-natural flowing fresh watercourse","MIMRAM",34171,1,"TL",20754,18006,"TL2075418006","GB106038033270",74,3.1,7.31,1,4.5,14,19,66,8,7,254,NA,NA,NA,"1995-01-01","1975-01-09","2020-10-06",89,FALSE,1,4525,"MIMRAM","TL2075418006",641817,1,"",2012-09-17,"FRESHWATER: INVERTEBRATE All macroinvertebrate samples","3-MIN POND NET (BT001): 3-min active sampling, 1-min hand search as per BT001","National Monitoring",637984,"2013-02-04","LABORATORY PRIMARY: Analysed in laboratory by primary analyst","LOG ABUNDANCE: Estimate of the log abundance (scale as  BT001)",24,141,5.88,26,148.3,5.7,15,20,1.33,5,5,5,6.67,18,96,5.33,11.38,14.06,80.94,9.78,11.74,83.3,23,176,7.65,23,173,7.52,26,46,56.52,32,49,65.31,26,149.6,5.75,"No",2012,9,"CBA0A40E-F999-4046-BCBD-33C83E7552DE","TH-PLER0089",0.03,9.46333333333333,7.82666666666667,94.2666666666667,15.0666666666667,NA,0.0245,0.000546666666666667,NA,NA,3.24,NA,NA,0.973333333333333,"CBA0A40E-F999-4046-BCBD-33C83E7552DE",64,1000,8,105,71,0,65,1,255,60,32,1635,14,137
"9",454,"THAMES - NORTH EAST","RIB","RIVER: Natural/semi-natural flowing fresh watercourse","RIB",34213,1,"TL",33154,13930,"TL3315413930","GB106038033360",36,1.3,34.31,2,7.7,31.67,10,53,17,20,276,NA,NA,NA,"1995-01-01","1986-10-08","2021-03-03",60,FALSE,1,4774,"RIB","TL3315413930",641077,1,"",2012-09-06,"FRESHWATER: INVERTEBRATE All macroinvertebrate samples","3-MIN POND NET (BT001): 3-min active sampling, 1-min hand search as per BT001","National Monitoring",638028,"2013-02-06","LABORATORY PRIMARY: Analysed in laboratory by primary analyst","LOG ABUNDANCE: Estimate of the log abundance (scale as  BT001)",18,101,5.61,19,111.7,5.88,9,14,1.56,5,5,5,7.78,13,71,5.46,9,11.09,81.15,6.76,9.9,68.28,16,122,7.63,15,120,8,18,32,56.25,24,37,64.86,19,111.3,5.86,"No",2012,9,"4480E909-1C89-45BF-819E-2C8E9C93AC81","TH-PLER0123",0.03,8.86333333333333,8.08,88.4,15.1333333333333,5.67,0.0128666666666667,0.000796666666666667,0.243333333333333,5.68,7.23333333333333,NA,NA,NA,"4480E909-1C89-45BF-819E-2C8E9C93AC81",110,172,0,45,47,0,110,4,72,110,23,670,11,161
"10",456,"THAMES - SOUTH EAST","RAVENSBOURNE","RIVER: Natural/semi-natural flowing fresh watercourse","QUAGGY",34216,1,"TQ",39400,74800,"TQ3940074800","GB106039023290",15,2,15.97,1,4,12.5,20,55,10,15,199,NA,NA,NA,"2012-01-01","1985-02-04","2019-10-08",34,FALSE,1,4814,"QUAGGY","TQ3940074800",643087,1,"",2012-10-04,"FRESHWATER: INVERTEBRATE All macroinvertebrate samples","3-MIN POND NET (BT001): 3-min active sampling, 1-min hand search as per BT001","National Monitoring",630666,"2012-10-08","LABORATORY PRIMARY: Analysed in laboratory by primary analyst","LOG ABUNDANCE: Estimate of the log abundance (scale as  BT001)",14,54,3.86,19,76.2,4.01,11,13,1.18,1,3,3,3.55,15,69,4.6,4.5,9.52,47.27,2.51,6.43,39.04,15,96,6.4,15,97,6.47,8,39,20.51,10,37,27.03,19,78.1,4.11,"No",2012,10,"8F3A4A03-4A15-4694-A615-8F0B02B72A65","TH-PRVR0019",0.0415,9.31,7.94,96.5,16.8,3.57,0.04585,0.000855,0.512,3.615,NA,NA,NA,NA,"8F3A4A03-4A15-4694-A615-8F0B02B72A65",68,335,10,0,2,0,45,0,5,87,25,552,2,47
"11",483,"THAMES - NORTH EAST","COLNE (THAMES)","RIVER: Natural/semi-natural flowing fresh watercourse","MISBOURNE",34294,1,"TQ",1300,88350,"TQ0130088350","GB106039029830",49,4.5,21.63,2,3.9,20.67,5,76,10,9,275,NA,NA,NA,"1995-01-01","1982-10-27","2020-10-13",83,FALSE,1,5197,"MISBOURNE","TQ0130088350",643234,1,"",2012-10-05,"FRESHWATER: INVERTEBRATE All macroinvertebrate samples","3-MIN POND NET (BT001): 3-min active sampling, 1-min hand search as per BT001","National Monitoring",639103,"2013-02-14","LABORATORY PRIMARY: Analysed in laboratory by primary analyst","LOG ABUNDANCE: Estimate of the log abundance (scale as  BT001)",20,113,5.65,21,119,5.67,10,24,2.4,5,5,5,12,17,93,5.47,6.5,7.85,82.8,5.01,9.41,53.24,18,132,7.33,9,74,8.22,11,19,57.89,19,39,48.72,21,115.7,5.51,"No",2012,10,"F471B1BA-3764-4ECD-81C9-D292599F8CF3","TH-PCNR0070",0.043,9.49,8.035,92.4,13.95,3.87,0.02985,0.001015,0.02,3.9,NA,NA,NA,NA,"F471B1BA-3764-4ECD-81C9-D292599F8CF3",40,943,1,40,21,15,130,0,48,236,21,1474,7,151
"12",496,"THAMES - NORTH EAST","COLNE (THAMES)","RIVER: Natural/semi-natural flowing fresh watercourse","GADE",34312,1,"TL",4128,10065,"TL0412810065","GB106039029900",97,6,5.51,1,4,23.33,8,54,20,18,257,NA,NA,NA,"1995-01-01","1983-01-06","2020-10-06",75,FALSE,1,5540,"GADE","TL0412810065",643250,1,"",2012-10-10,"FRESHWATER: INVERTEBRATE All macroinvertebrate samples","3-MIN POND NET (BT001): 3-min active sampling, 1-min hand search as per BT001","National Monitoring",637973,"2013-02-06","LABORATORY PRIMARY: Analysed in laboratory by primary analyst","LOG ABUNDANCE: Estimate of the log abundance (scale as  BT001)",28,147,5.25,31,153.2,4.94,21,37,1.76,5,5,5,8.81,22,101,4.59,6.38,12.75,50.04,5.27,10.64,49.53,27,175,6.48,26,172,6.62,15,53,28.3,22,56,39.29,31,158.2,5.1,"No",2012,10,"9E7A03F5-BC32-4D35-A173-C7AC05E6A275","TH-PCNR0059",0.031,17.2333333333333,8.02,176,16.1,NA,0.0466333333333333,0.00081,NA,NA,12.3166666666667,3.33333333333333,NA,NA,"9E7A03F5-BC32-4D35-A173-C7AC05E6A275",33,310,0,13,101,1,52,1,1013,358,41,1962,14,154
"13",525,"THAMES - NORTH EAST","ASH (LEE)","RIVER: Natural/semi-natural flowing fresh watercourse","ASH (LEE)",34359,1,"TL",42420,16910,"TL4242016910","GB106038033290",48,2.1,18.73,1,5,12.33,12,73,8,6,274,NA,NA,NA,"1995-01-01","1979-09-10","2020-11-18",78,FALSE,1,6057,"ASH (LEE)","TL4242016910",641586,1,"",2012-09-13,"FRESHWATER: INVERTEBRATE All macroinvertebrate samples","3-MIN POND NET (BT001): 3-min active sampling, 1-min hand search as per BT001","National Monitoring",638093,"2013-02-05","LABORATORY PRIMARY: Analysed in laboratory by primary analyst","LOG ABUNDANCE: Estimate of the log abundance (scale as  BT001)",31,162,5.23,35,194.4,5.55,23,29,1.26,3,7,7,8.83,27,129,4.78,13.75,18.28,75.22,11.76,15.91,73.92,30,217,7.23,32,235,7.34,35,64,54.69,34,59,57.63,35,189.2,5.41,"No",2012,9,"28D8226A-41AF-4878-8775-63B0DB8BBD87","TH-PLER0004",0.03,9.23666666666667,7.73,88.3333333333333,13.2333333333333,NA,0.0158666666666667,0.000376666666666667,NA,NA,3.68333333333333,NA,NA,NA,"28D8226A-41AF-4878-8775-63B0DB8BBD87",64,501,1,46,22,0,452,80,157,100,45,1426,15,554
"14",526,"THAMES - NORTH EAST","ASH (LEE)","RIVER: Natural/semi-natural flowing fresh watercourse","ASH (LEE)",34360,1,"TL",37700,13300,"TL3770013300","GB106038033290",33,1.7,27.39,1,5,26,7,76,11,5,273,NA,NA,NA,"1995-01-01","1979-09-10","2021-04-27",75,FALSE,1,6108,"ASH (LEE)","TL3770013300",641069,1,"",2012-09-05,"FRESHWATER: INVERTEBRATE All macroinvertebrate samples","3-MIN POND NET (BT001): 3-min active sampling, 1-min hand search as per BT001","National Monitoring",637972,"2012-09-05","LABORATORY PRIMARY: Analysed in laboratory by primary analyst","LOG ABUNDANCE: Estimate of the log abundance (scale as  BT001)",18,102,5.67,19,116.7,6.14,12,23,1.92,5,5,5,9.58,13,78,6,12.88,13.98,92.13,9.51,11.94,79.65,16,126,7.88,17,142,8.35,27,34,79.41,27,37,72.97,19,113.2,5.96,"No",2012,9,"F60FA473-DB5A-48B0-BC34-B44B92851ADC","TH-PLER0005",0.0335,9.935,7.96,99.75,15.4,NA,0.0178,0.000805,NA,NA,4.705,NA,NA,NA,"F60FA473-DB5A-48B0-BC34-B44B92851ADC",11,309,0,54,25,0,151,30,64,99,24,743,9,206
"15",702,"THAMES - SOUTH EAST","LODDON","RIVER: Natural/semi-natural flowing fresh watercourse","BOW BROOK",35360,1,"SU",67709,58378,"SU6770958378","GB106039017330",53,1.5,12.46,2,5.1,22.67,5,42,13,40,196,NA,NA,NA,"1995-01-01","1995-05-22","2014-09-16",20,FALSE,1,7439,"BOW BROOK","SU6770958378",643169,1,"",2012-10-09,"FRESHWATER: INVERTEBRATE All macroinvertebrate samples","3-MIN POND NET (BT001): 3-min active sampling, 1-min hand search as per BT001","National Monitoring",637122,"2013-01-17","LABORATORY PRIMARY: Analysed in laboratory by primary analyst","LOG ABUNDANCE: Estimate of the log abundance (scale as  BT001)",19,105,5.53,21,115.5,5.5,21,41,1.95,10,5,10,19.52,15,79,5.27,11.13,16.02,69.48,6.53,10.65,61.31,18,135,7.5,27,199,7.37,20,51,39.22,21,36,58.33,21,112.3,5.35,"No",2012,10,"FDA5D022-8D18-4391-99A9-758FBE87D914","TH-PLDR0055",0.0745,6.78,8.015,68.3,15.6,5.4,0.02335,0.0016,0.1765,5.425,16,NA,NA,NA,"FDA5D022-8D18-4391-99A9-758FBE87D914",40,111,0,16,31,1,127,0,83,295,33,704,12,158
"16",793,"THAMES - WEST","WYE (THAMES)","RIVER: Natural/semi-natural flowing fresh watercourse","WYE (THAMES",35783,1,"SU",89550,86492,"SU8955086492","GB106039023880",26,3.3,17.33,3,7,30,6,65,23,6,247,NA,NA,NA,"1995-01-01","1989-10-04","2019-09-06",48,FALSE,1,8537,"WYE (THAMES","SU8955086492",645653,1,"",2012-11-14,"FRESHWATER: INVERTEBRATE All macroinvertebrate samples","3-MIN POND NET (BT001): 3-min active sampling, 1-min hand search as per BT001","National Monitoring",634713,"2012-12-18","LABORATORY PRIMARY: Analysed in laboratory by primary analyst","LOG ABUNDANCE: Estimate of the log abundance (scale as  BT001)",16,90,5.63,17,97.2,5.72,15,24,1.6,5,3,5,8,12,65,5.42,13.52,16.22,83.35,9.02,11.2,80.54,14,114,8.14,17,137,8.06,26,44,59.09,24,35,68.57,17,93.5,5.5,"No",2012,11,"58217BCA-714B-4A4E-9990-CE0B3D900946","TH-PWYR0015",0.0725,10.36,8.305,104.15,15.45,5.45,0.0599,0.002035,0.083,5.51,NA,NA,NA,NA,"58217BCA-714B-4A4E-9990-CE0B3D900946",34,2002,0,990,46,0,126,0,41,54,24,3293,9,172
"17",819,"THAMES - SOUTH EAST","WEY (THAMES)","RIVER: Natural/semi-natural flowing fresh watercourse","TILLINGBOURNE",35843,1,"TQ",13035,47149,"TQ1303547149","GB106039017840",132,12.5,4.41,1,1.5,10.67,13,70,17,1,96.2,NA,NA,NA,"1995-01-01","1991-12-05","2021-05-25",46,FALSE,1,8978,"TILLINGBOURNE","TQ1303547149",641947,1,"",2012-09-19,"FRESHWATER: INVERTEBRATE All macroinvertebrate samples","3-MIN POND NET (BT001): 3-min active sampling, 1-min hand search as per BT001","National Monitoring",636568,"2013-01-16","LABORATORY PRIMARY: Analysed in laboratory by primary analyst","LOG ABUNDANCE: Estimate of the log abundance (scale as  BT001)",28,177,6.32,31,193.9,6.25,22,36,1.64,3,7,7,11.45,24,128,5.33,16.02,18.47,86.74,12.78,15.48,82.56,29,222,7.66,33,255,7.73,35,59,59.32,41,61,67.21,31,192.3,6.2,"No",2012,9,"189F216E-B653-4856-9AA5-A6F26E56AB86","TH-PWER0084",0.033,8.56,7.32,86.25,15.625,0.7985,0.004,0.000205,0.1565,0.8025,4.7825,NA,NA,NA,"189F216E-B653-4856-9AA5-A6F26E56AB86",103,450,3,33,135,0,141,7,192,19,46,1087,24,283
"18",845,"THAMES - SOUTH EAST","THAMES SOURCE TO TEDDINGTON (SE SECTION)","RIVER: Natural/semi-natural flowing fresh watercourse","THAMES (SE AREA)",35907,1,"SU",94560,77670,"SU9456077670","GB106039023231",20,0.3,194.9,9,50,250,5,45,25,25,210,NA,NA,NA,"1995-01-01","1990-03-12","2019-05-07",48,FALSE,1,9310,"THAMES (SE AREA)","SU9456077670",643093,1,"",2012-10-05,"FRESHWATER: INVERTEBRATE All macroinvertebrate samples","3-MIN POND NET (BT001): 3-min active sampling, 1-min hand search as per BT001","National Monitoring",634519,"2012-12-18","LABORATORY PRIMARY: Analysed in laboratory by primary analyst","LOG ABUNDANCE: Estimate of the log abundance (scale as  BT001)",19,116,6.11,21,119.3,5.68,22,53,2.41,12,5,12,28.91,15,73,4.87,7,11.86,59.02,3.99,8.14,49.02,18,128,7.11,26,189,7.27,15,47,31.91,12,37,32.43,21,120.6,5.74,"No",2012,10,"0F6A00F5-0182-4A42-9ADC-D6DE8DC6B9E7","TH-PTHR0079",0.044,9.55,NA,100.1,17.5,4.58,0.0385,NA,0.175,4.62,16.5,1,NA,4.5,"0F6A00F5-0182-4A42-9ADC-D6DE8DC6B9E7",19,67,2,57,17,0,155,1,3,20,31,342,14,173
"19",900,"THAMES - SOUTH EAST","MOLE","RIVER: Natural/semi-natural flowing fresh watercourse","MOLE (THAMES)",36013,1,"TQ",26070,39750,"TQ2607039750","GB106039017480",59,1.3,10.374,1,3,33.67,0,7,7,87,88.8,NA,NA,NA,"1995-01-01","1995-03-28","2014-09-08",25,FALSE,1,9964,"MOLE (THAMES)","TQ2607039750",643295,1,"",2012-10-10,"FRESHWATER: INVERTEBRATE All macroinvertebrate samples","3-MIN POND NET (BT001): 3-min active sampling, 1-min hand search as per BT001","National investigative monitoring",631247,"2012-10-19","LABORATORY PRIMARY: Analysed in laboratory by primary analyst","LOG ABUNDANCE: Estimate of the log abundance (scale as  BT001)",9,43,4.78,9,38.9,4.32,2,2,1,1,1,1,1,7,32,4.57,0.5,1.85,27.03,0.5,2.43,20.58,7,47,6.71,7,46,6.57,1,14,7.14,2,12,16.67,9,40.8,4.53,"No",2012,10,"EF866A6C-B11A-49AA-AC1F-DDE3B3A6E711","TH-PMLR0016",0.069,7.80666666666667,7.45666666666667,80.7333333333333,16.9333333333333,0.998,0.0297333333333333,0.000656666666666667,0.338,1.02666666666667,10.89,1.4,NA,NA,"EF866A6C-B11A-49AA-AC1F-DDE3B3A6E711",40,15,0,1,1,0,1,0,55,6,10,120,2,2
"20",905,"THAMES - SOUTH EAST","LODDON","RIVER: Natural/semi-natural flowing fresh watercourse","LYDE",36025,1,"SU",69563,54251,"SU6956354251","GB106039017100",63,3.3,5.231,1,5.7,37.67,12,47,28,13,250,NA,NA,NA,"1995-01-01","1989-10-04","2019-11-13",44,FALSE,1,10063,"LYDE","SU6956354251",644624,1,"",2012-11-02,"FRESHWATER: INVERTEBRATE All macroinvertebrate samples","3-MIN POND NET (BT001): 3-min active sampling, 1-min hand search as per BT001","Local monitoring",637132,"2013-01-10","LABORATORY PRIMARY: Analysed in laboratory by primary analyst","LOG ABUNDANCE: Estimate of the log abundance (scale as  BT001)",27,156,5.78,35,192.2,5.49,25,46,1.84,5,7,7,12.88,26,137,5.27,14.76,22.86,64.57,9.55,17.79,53.68,30,220,7.33,34,256,7.53,35,72,48.61,34,68,50,35,193.1,5.52,"No",2012,11,"761E63F0-AC65-406C-BF23-F99C3A50994B","TH-PLDR0039",0.066,9.78333333333333,7.92666666666667,91.3333333333333,12.2,NA,0.0373666666666667,0.00117333333333333,NA,NA,4.01,NA,NA,NA,"761E63F0-AC65-406C-BF23-F99C3A50994B",26,414,0,27,99,1,84,0,112,1614,53,2386,20,183
"21",907,"THAMES - SOUTH EAST","LODDON","RIVER: Natural/semi-natural flowing fresh watercourse","LODDON",36031,1,"SU",71580,64750,"SU7158064750","GB106039017330",46,0.8,26.711,4,9.3,73.33,3,33,33,30,226,NA,NA,NA,"1995-01-01","1990-11-27","2019-09-26",41,FALSE,1,10094,"LODDON","SU7158064750",643175,1,"",2012-10-09,"FRESHWATER: INVERTEBRATE All macroinvertebrate samples","3-MIN POND NET (BT001): 3-min active sampling, 1-min hand search as per BT001","National Monitoring",635040,"2012-12-24","LABORATORY PRIMARY: Analysed in laboratory by primary analyst","LOG ABUNDANCE: Estimate of the log abundance (scale as  BT001)",25,145,5.8,26,143.3,5.51,24,60,2.5,12,5,12,30,19,93,4.89,9.5,14.78,64.28,6.51,11.61,56.07,24,175,7.29,29,214,7.38,17,48,35.42,20,44,45.45,26,141.6,5.45,"No",2012,10,"7425322F-91D8-4631-A13B-7792CCDF9DA3","TH-PLDR0028",0.03375,8.1725,8.025,81.475,15.1,9.01,0.021025,8e-04,0.16025,9.03,7.55,1.05,NA,1.95,"7425322F-91D8-4631-A13B-7792CCDF9DA3",8,22,1,15,33,4,25,0,4,445,40,558,15,58
"22",909,"THAMES - SOUTH EAST","LODDON","RIVER: Natural/semi-natural flowing fresh watercourse","LODDON",36034,1,"SU",68681,55289,"SU6868155289","GB106039017080",61,2.7,9.3,1,7.7,47,6,68,20,6,247,NA,NA,NA,"1995-01-01","1995-03-13","2020-10-14",60,FALSE,1,10144,"LODDON","SU6868155289",645201,1,"",2012-11-12,"FRESHWATER: INVERTEBRATE All macroinvertebrate samples","3-MIN POND NET (BT001): 3-min active sampling, 1-min hand search as per BT001","Local monitoring",637322,"2013-01-28","LABORATORY PRIMARY: Analysed in laboratory by primary analyst","LOG ABUNDANCE: Estimate of the log abundance (scale as  BT001)",20,118,5.9,20,111.6,5.58,15,26,1.73,5,5,5,8.67,15,93,6.2,12.14,14.72,82.47,7.78,11.66,66.72,18,141,7.83,22,175,7.95,27,47,57.45,25,40,62.5,20,112.1,5.61,"No",2012,11,"07509599-DF51-4438-923C-ECD5C5BB82C9","TH-PLDR0073",0.03,8.57,7.86666666666667,84.2,14.4666666666667,10.18,0.0131666666666667,0.000566666666666667,0.151333333333333,10.1833333333333,5.12,1,NA,0.67,"07509599-DF51-4438-923C-ECD5C5BB82C9",14,515,2,138,10,1,71,0,65,493,32,1310,11,81
"23",927,"THAMES - WEST","KENNET","RIVER: Natural/semi-natural flowing fresh watercourse","LAMBOURN",36073,1,"SU",38922,74703,"SU3892274703","GB106039023220",100,2.7,9.8,1,10,46,10,68,15,7,213,NA,NA,NA,"1995-01-01","1993-08-02","2017-10-06",38,FALSE,1,10422,"LAMBOURN","SU3892274703",645652,1,"",2012-11-15,"FRESHWATER: INVERTEBRATE All macroinvertebrate samples","3-MIN POND NET (BT001): 3-min active sampling, 1-min hand search as per BT001","National Monitoring",637777,"2013-01-30","LABORATORY PRIMARY: Analysed in laboratory by primary analyst","LOG ABUNDANCE: Estimate of the log abundance (scale as  BT001)",30,159,5.3,34,172.8,5.08,29,43,1.48,5,7,7,10.38,23,116,5.04,17.26,25.96,66.49,10.81,15.72,68.77,29,205,7.07,32,233,7.28,40,82,48.78,37,74,50,34,174.9,5.14,"No",2012,11,"24B91D64-40B1-453A-BD70-E63E056E6648","TH-PKER0063",0.03,9.52666666666667,7.8,93.8,14.5333333333333,7.24,0.0101333333333333,0.000503333333333333,0.024,7.25,3,NA,NA,NA,"24B91D64-40B1-453A-BD70-E63E056E6648",179,1120,25,41,4188,0,313,0,34,191,47,6095,15,4501
"24",970,"THAMES - WEST","WINDRUSH","RIVER: Natural/semi-natural flowing fresh watercourse","DIKLER",36156,1,"SP",17366,27494,"SP1736627494","GB106039037470",155,3.9,0.83,2,6.1,48,8,39,48,5,188,NA,NA,NA,"1995-01-01","1990-12-06","2012-11-30",30,FALSE,1,10964,"DIKLER","SP1736627494",647258,1,"",2012-11-30,"FRESHWATER: INVERTEBRATE All macroinvertebrate samples","3-MIN POND NET (BT001): 3-min active sampling, 1-min hand search as per BT001","National Monitoring",636521,"2013-01-10","LABORATORY PRIMARY: Analysed in laboratory by primary analyst","LOG ABUNDANCE: Estimate of the log abundance (scale as  BT001)",28,152,5.43,31,176.6,5.7,26,47,1.81,5,7,7,12.65,22,113,5.14,18.39,24.15,76.15,11.56,14.28,80.95,28,211,7.54,27,209,7.74,39,72,54.17,41,68,60.29,31,175.9,5.67,"No",2012,11,"CE4DB28E-FE08-4646-8B9C-1610D2498736","TH-PWRR0004",0.03,10.2233333333333,7.75,94.2333333333333,11.7333333333333,7.17,0.0125333333333333,0.00036,0.02,7.18,3.45666666666667,1.8,NA,NA,"CE4DB28E-FE08-4646-8B9C-1610D2498736",116,1211,42,56,1236,0,501,1,320,62,44,3545,15,1738
"25",986,"THAMES - SOUTH EAST","WEY (THAMES)","RIVER: Natural/semi-natural flowing fresh watercourse","CRANLEIGH WATERS",36183,1,"TQ",5688,36983,"TQ0568836983","GB106039017810",51,1.4,12.35,1,2.7,24.1,4,59,15,22,78,NA,NA,NA,"2013-02-13","1998-10-07","2021-03-30",114,FALSE,1,11387,"CRANLEIGH WATERS","TQ0568836983",641952,1,"",2012-09-19,"FRESHWATER: INVERTEBRATE All macroinvertebrate samples","3-MIN POND NET (BT001): 3-min active sampling, 1-min hand search as per BT001","Local monitoring",636273,"2013-01-15","LABORATORY PRIMARY: Analysed in laboratory by primary analyst","LOG ABUNDANCE: Estimate of the log abundance (scale as  BT001)",14,72,5.14,18,92.7,5.15,11,18,1.64,5,3,5,8.18,14,70,5,7,9.21,76,6.5,8.45,76.92,14,101,7.21,15,108,7.2,17,37,45.95,16,31,51.61,18,92.2,5.12,"No",2012,9,"513E6054-B9DA-43DB-9140-91DB013ED14D","TH-PWER0008",0.0723333333333333,7.44,7.54666666666667,73.0666666666667,14.4,NA,0.0199,0.00068,NA,NA,18.86,1.93333333333333,NA,NA,"513E6054-B9DA-43DB-9140-91DB013ED14D",10,57,0,14,41,0,12,0,28,12,26,175,10,53
"26",997,"THAMES - WEST","THAMES SOURCE TO TEDDINGTON (W SECTION)","RIVER: Natural/semi-natural flowing fresh watercourse","CHURN",36222,1,"SP",1908,7912,"SP0190807912","GB106039029810",130,3.8,14.47,2,4.2,13.33,10,37,17,37,155,NA,NA,NA,"1995-01-01","1989-10-17","2019-11-28",47,FALSE,1,11598,"CHURN","SP0190807912",642700,1,"",2012-09-28,"FRESHWATER: INVERTEBRATE All macroinvertebrate samples","3-MIN POND NET (BT001): 3-min active sampling, 1-min hand search as per BT001","National Monitoring",632709,"2012-11-20","LABORATORY PRIMARY: Analysed in laboratory by primary analyst","LOG ABUNDANCE: Estimate of the log abundance (scale as  BT001)",22,138,6.27,25,156,6.24,23,41,1.78,5,5,5,8.91,22,129,5.86,19.4,22.47,86.34,12.03,15.18,79.25,22,177,8.05,29,236,8.14,45,63,71.43,35,49,71.43,25,154.6,6.18,"No",2012,9,"D999E3EF-60EA-4038-9ADA-7D599EDE8A60","TH-PUTR0014",0.03,9.82333333333333,8.15666666666667,92.8666666666667,12.9666666666667,6.96666666666667,0.00773333333333333,0.000686666666666667,0.02,6.97666666666667,7.26666666666667,NA,NA,NA,"D999E3EF-60EA-4038-9ADA-7D599EDE8A60",13,1836,0,221,76,1,457,0,219,240,41,3063,19,533
"27",1135,"SOUTHERN - KENT & E. SUSSEX","MEDWAY","RIVER: Natural/semi-natural flowing fresh watercourse","SOMERHILL STREAM",42096,2,"TQ",60690,46180,"TQ6069046180","GB106040018410",25,4.4,7.8,1,3.7,46.67,18,57,2,23,90.3,NA,NA,NA,"1995-01-01","1992-10-21","2017-03-30",31,FALSE,1,12915,"SOMERHILL STREAM","TQ6069046180",644199,1,"",2012-10-24,"FRESHWATER: INVERTEBRATE All macroinvertebrate samples","3-MIN POND NET (BT001): 3-min active sampling, 1-min hand search as per BT001","National investigative monitoring",634143,"2012-12-10","LABORATORY PRIMARY: Analysed in laboratory by primary analyst","LOG ABUNDANCE: Estimate of the log abundance (scale as  BT001)",10,40,4,10,38.2,3.82,NA,NA,NA,NA,NA,NA,NA,6,19,3.17,NA,NA,NA,2.25,4.21,53.44,8,51,6.38,NA,NA,NA,NA,3,0,7,24,29.17,10,38.2,3.82,"No",2012,10,"8D50C01B-B8F2-4D27-8680-70748D541716","SO-E0000768",0.344,7.935,7.54,78.6,14.85,12.85,0.14575,0.002525,2.31,13,NA,NA,NA,NA,"8D50C01B-B8F2-4D27-8680-70748D541716",90,380,70,0,2,0,100,0,3,30,10,675,2,102
"28",1174,"SOUTHERN - KENT & E. SUSSEX","EDEN (KENT)","RIVER: Natural/semi-natural flowing fresh watercourse","EDEN (KENT)",42176,2,"TQ",52064,43767,"TQ5206443767","GB106040018160",30,0.8,31.1,4,8.7,18.33,7,72,7,15,113.9,NA,NA,NA,"1995-01-01","1983-06-14","2019-09-20",77,TRUE,1,13466,"EDEN (KENT)","TQ5206443767",641236,1,"",2012-09-10,"FRESHWATER: INVERTEBRATE All macroinvertebrate samples","3-MIN POND NET (BT001): 3-min active sampling, 1-min hand search as per BT001","National Monitoring",630257,"2012-09-24","LABORATORY PRIMARY: Analysed in laboratory by primary analyst","LOG ABUNDANCE: Estimate of the log abundance (scale as  BT001)",24,140,5.83,24,133,5.54,18,31,1.72,5,5,5,8.61,15,88,5.87,15.88,20.05,79.2,12,16.1,74.53,22,163,7.41,26,203,7.81,43,65,66.15,28,48,58.33,24,134.2,5.59,"No",2012,9,"93DF4F6C-818C-4B2F-8109-D3FAC63148D5","SO-E0000807",0.0573333333333333,6.49666666666667,7.62,67.9666666666667,17.6,3.28333333333333,0.0435666666666667,0.00081,0.493,3.32666666666667,14.7833333333333,2.16666666666667,0.573,14.0666666666667,"93DF4F6C-818C-4B2F-8109-D3FAC63148D5",87,57,1,20,371,4,100,1,57,425,34,1223,16,472
"29",1245,"SOUTHERN - KENT & E. SUSSEX","EDEN (KENT)","RIVER: Natural/semi-natural flowing fresh watercourse","GIBBS BROOK",42400,2,"TQ",36570,50500,"TQ3657050500","GB106040018640",80,6,4.5,1,2.3,13.33,2,75,10,13,178.3,NA,NA,NA,"1995-01-01","1990-03-29","2012-10-10",38,FALSE,1,14267,"GIBBS BROOK","TQ3657050500",643366,1,"",2012-10-10,"FRESHWATER: INVERTEBRATE All macroinvertebrate samples","3-MIN POND NET (BT001): 3-min active sampling, 1-min hand search as per BT001","National Monitoring",634331,"2012-12-14","LABORATORY PRIMARY: Analysed in laboratory by primary analyst","LOG ABUNDANCE: Estimate of the log abundance (scale as  BT001)",25,122,4.88,29,142.3,4.91,4,5,1.25,1,5,5,6.25,20,86,4.3,5.5,6.11,90.02,9.51,14.15,67.21,25,179,7.16,4,34,8.5,7,12,58.33,27,59,45.76,29,140.3,4.84,"No",2012,10,"D63829AB-5B9A-467F-BD32-648A1E5C4E76","SO-E0000902",NA,NA,NA,NA,NA,22.1,0.142,NA,NA,22.2,NA,NA,NA,NA,"D63829AB-5B9A-467F-BD32-648A1E5C4E76",119,1149,20,388,274,0,105,0,151,135,33,2341,7,379
"30",1298,"SOUTHERN - KENT & E. SUSSEX","MEDWAY","RIVER: Natural/semi-natural flowing fresh watercourse","MEDWAY",42595,2,"TQ",70950,53400,"TQ7095053400","GB106040018440",5,0.2,61.1,7,25.7,166.67,48,13,12,27,106.5,NA,NA,NA,"1995-01-01","1973-01-17","2017-11-08",20,FALSE,1,14682,"MEDWAY","TQ7095053400",644211,1,"",2012-10-24,"FRESHWATER: INVERTEBRATE All macroinvertebrate samples","3-MIN POND NET (BT001): 3-min active sampling, 1-min hand search as per BT001","National Monitoring",631436,"2012-10-26","LABORATORY PRIMARY: Analysed in laboratory by primary analyst","LOG ABUNDANCE: Estimate of the log abundance (scale as  BT001)",20,106,5.3,23,107.8,4.69,1,1,1,1,5,5,5,16,67,4.19,NA,0.49,0,1.25,5.39,23.19,20,128,6.4,5,32,6.4,NA,9,0,7,34,20.59,23,111.9,4.87,"No",2012,10,"FA83411F-A7B6-4743-9296-DDBF5B5E874D","SO-E0000380",0.101,9.14,7.71,103.4,21.3,3.59,0.0493,0.002,0.376,3.64,8.47,1.2,NA,NA,"FA83411F-A7B6-4743-9296-DDBF5B5E874D",40,104,0,7,6,5,12,0,2,21,25,198,6,18
"31",1566,"SOUTHERN - KENT & E. SUSSEX","MEDWAY","RIVER: Natural/semi-natural flowing fresh watercourse","GROM",43545,2,"TQ",52940,37480,"TQ5294037480","GB106040018400",45,3.8,6.2,1,2.8,11.67,8,73,0,18,48.3,NA,NA,NA,"1995-01-01","1985-11-21","2018-10-01",58,FALSE,1,17344,"GROM","TQ5294037480",643148,1,"",2012-10-08,"FRESHWATER: INVERTEBRATE All macroinvertebrate samples","3-MIN POND NET (BT001): 3-min active sampling, 1-min hand search as per BT001","National Monitoring",634212,"2012-12-11","LABORATORY PRIMARY: Analysed in laboratory by primary analyst","LOG ABUNDANCE: Estimate of the log abundance (scale as  BT001)",19,107,5.63,20,117.1,5.86,NA,NA,NA,NA,NA,NA,NA,14,78,5.57,1.63,1.63,100,6.77,9.42,71.87,19,140,7.37,NA,NA,NA,NA,3,0,23,35,65.71,20,119.7,5.99,"No",2012,10,"FC090F71-6F48-41B1-9A79-F9B18C6D4294","SO-E0000940",0.061,8.58,7.62,90.5,17.8,1.11,0.0206,0.00083,0.067,1.13,NA,1,NA,NA,"FC090F71-6F48-41B1-9A79-F9B18C6D4294",80,403,0,4,43,0,7,2,66,102,21,708,9,52
"32",1596,"SOUTHERN - KENT & E. SUSSEX","MEDWAY","RIVER: Natural/semi-natural flowing fresh watercourse","SOMERHILL STREAM",43626,2,"TQ",59400,42850,"TQ5940042850","GB106040018410",45,6.1,3.2,1,3.5,21.67,12,77,3,8,88.5,NA,NA,NA,"1995-01-01","1992-10-23","2019-10-09",33,FALSE,1,17646,"SOMERHILL STREAM","TQ5940042850",643157,1,"",2012-10-08,"FRESHWATER: INVERTEBRATE All macroinvertebrate samples","3-MIN POND NET (BT001): 3-min active sampling, 1-min hand search as per BT001","National Monitoring",634232,"2012-12-12","LABORATORY PRIMARY: Analysed in laboratory by primary analyst","LOG ABUNDANCE: Estimate of the log abundance (scale as  BT001)",11,43,3.91,11,46.2,4.2,NA,NA,NA,NA,NA,NA,NA,7,28,4,2.13,2.13,100,5,6.96,71.84,10,70,7,NA,NA,NA,NA,4,0,14,30,46.67,11,48.8,4.44,"No",2012,10,"027B6F16-4594-4D06-B172-3316B9972785","SO-E0000770",NA,NA,7.59,NA,NA,13.25,0.2185,NA,NA,13.465,11.7,NA,NA,NA,"027B6F16-4594-4D06-B172-3316B9972785",274,600,40,0,1,0,200,0,101,1,11,1217,2,201
"33",1624,"SOUTHERN - KENT & E. SUSSEX","MEDWAY","RIVER: Natural/semi-natural flowing fresh watercourse","HILDEN BROOK",43733,2,"TQ",58500,47360,"TQ5850047360","GB106040018170",25,2.3,8.1,1,2.3,11.67,17,65,13,5,137.8,NA,NA,NA,"1995-01-01","1981-06-18","2014-10-21",34,FALSE,1,17889,"HILDEN BROOK","TQ5850047360",644201,1,"",2012-10-24,"FRESHWATER: INVERTEBRATE All macroinvertebrate samples","3-MIN POND NET (BT001): 3-min active sampling, 1-min hand search as per BT001","National investigative monitoring",633114,"2012-11-28","LABORATORY PRIMARY: Analysed in laboratory by primary analyst","LOG ABUNDANCE: Estimate of the log abundance (scale as  BT001)",19,84,4.42,21,94.8,4.51,5,5,1,1,3,3,3,15,66,4.4,5.13,5.87,87.39,4.52,8.4,53.81,17,111,6.53,6,47,7.83,9,16,56.25,16,41,39.02,21,95.1,4.53,"No",2012,10,"D41AF843-DF2B-4B78-BFF5-089E10729447","SO-E0000784",0.03,9.08,8.14,93.2,16.5,0.676,0.004,0.00088,0.166,0.68,NA,1,NA,NA,"D41AF843-DF2B-4B78-BFF5-089E10729447",100,208,1,50,12,0,15,0,18,326,25,735,4,27
"34",1748,"SOUTHERN - KENT & E. SUSSEX","MEDWAY","RIVER: Natural/semi-natural flowing fresh watercourse","BARDEN MILL STREAM",44307,2,"TQ",53900,42180,"TQ5390042180","GB106040018100",25,3.6,6,1,2.2,26.67,12,73,0,15,89,NA,NA,NA,"1995-01-01","1989-10-31","2015-10-06",30,FALSE,1,19183,"BARDEN MILL STREAM","TQ5390042180",643154,1,"",2012-10-08,"FRESHWATER: INVERTEBRATE All macroinvertebrate samples","3-MIN POND NET (BT001): 3-min active sampling, 1-min hand search as per BT001","National Monitoring",633134,"2012-11-28","LABORATORY PRIMARY: Analysed in laboratory by primary analyst","LOG ABUNDANCE: Estimate of the log abundance (scale as  BT001)",18,80,4.44,18,85.4,4.74,NA,NA,NA,NA,NA,NA,NA,10,50,5,0.5,0.5,100,4.76,6.23,76.4,16,113,7.06,NA,NA,NA,NA,3,0,17,32,53.13,18,84.5,4.69,"No",2012,10,"4C4DB0F1-3EA0-4739-A43C-3D3E64C2E5F6","SO-E0000906",0.036,9.14,7.92,90.7,14.9,8.22,0.0367,0.00078,1.7,8.26,NA,NA,NA,NA,"4C4DB0F1-3EA0-4739-A43C-3D3E64C2E5F6",66,26,1,100,12,0,18,0,2,60,19,286,6,30
"35",2399,"THAMES - NORTH EAST","LEE","RIVER: Natural/semi-natural flowing fresh watercourse","LEE (THAMES)",73906,1,"TL",6303,24383,"TL0630324383","GB106038033440",115,2.8,4.77,1,3.3,22.5,2,58,5,35,186,NA,NA,NA,"2012-10-04","1999-10-12","2013-04-17",8,FALSE,1,26131,"LEE (THAMES)","TL0630324383",643242,1,"",2012-10-10,"FRESHWATER: INVERTEBRATE All macroinvertebrate samples","3-MIN POND NET (BT001): 3-min active sampling, 1-min hand search as per BT001","National investigative monitoring",638787,"2013-02-12","LABORATORY PRIMARY: Analysed in laboratory by primary analyst","LOG ABUNDANCE: Estimate of the log abundance (scale as  BT001)",22,101,4.59,23,94.1,4.09,17,25,1.47,3,5,5,7.35,14,53,3.79,5.63,11.61,48.49,6.01,10.42,57.68,20,124,6.2,23,135,5.87,13,63,20.63,15,48,31.25,23,100.2,4.36,"No",2012,10,"0D52865D-2E21-4B65-96B0-44D0FDA18418","TH-PLER0068",0.04,9.265,7.465,88.25,13.05,8.035,0.0349,0.000265,0.023,8.07,NA,NA,NA,NA,"0D52865D-2E21-4B65-96B0-44D0FDA18418",227,760,2,11,214,0,120,0,209,204,34,1773,9,334
"36",3416,"THAMES - WEST","THAMES SOURCE TO TEDDINGTON (W SECTION)","RIVER: Natural/semi-natural flowing fresh watercourse","CHURN",89727,1,"SO",99166,13287,"SO9916613287","GB106039029810",155,2.5,5.61,2,6,52.3,20,31,6,43,180,NA,NA,NA,"2012-10-04","2002-11-29","2012-09-28",19,FALSE,1,29441,"CHURN","SO9916613287",642706,1,"",2012-09-28,"FRESHWATER: INVERTEBRATE All macroinvertebrate samples","3-MIN POND NET (BT001): 3-min active sampling, 1-min hand search as per BT001","National Monitoring",636439,"2013-01-14","LABORATORY PRIMARY: Analysed in laboratory by primary analyst","LOG ABUNDANCE: Estimate of the log abundance (scale as  BT001)",22,118,5.36,24,130.1,5.42,19,28,1.47,3,5,5,7.37,18,86,4.78,11.13,17.87,62.28,7,12.35,56.68,20,140,7,23,167,7.26,24,51,47.06,22,45,48.89,24,128.3,5.35,"No",2012,9,"7132C816-A8E1-46E2-A49B-B38EFB15C491","TH-PUTR0213",0.03,9.34666666666667,7.85333333333333,87.4666666666667,12.5333333333333,7.71333333333333,0.0111333333333333,0.000496666666666667,0.02,7.72666666666667,6.33333333333333,NA,NA,NA,"7132C816-A8E1-46E2-A49B-B38EFB15C491",32,135,0,27,50,0,104,2,76,203,36,644,12,156
"37",3477,"THAMES - WEST","THAMES SOURCE TO TEDDINGTON (W SECTION)","RIVER: Natural/semi-natural flowing fresh watercourse","CHURN",91481,1,"SU",6732,96807,"SU0673296807","GB106039029750",89,0.9,32.75,2,5,37,10,62,22,6,180,NA,NA,NA,"2012-10-04","2003-05-06","2019-04-04",31,FALSE,1,29638,"CHURN","SU0673296807",641446,1,"",2012-09-12,"FRESHWATER: INVERTEBRATE All macroinvertebrate samples","3-MIN POND NET (BT001): 3-min active sampling, 1-min hand search as per BT001","National Monitoring",632600,"2012-11-16","LABORATORY PRIMARY: Analysed in laboratory by primary analyst","LOG ABUNDANCE: Estimate of the log abundance (scale as  BT001)",20,107,5.35,21,116.5,5.55,18,40,2.22,5,5,5,11.11,17,84,4.94,12.76,16.2,78.77,8.02,10.69,75.02,19,145,7.63,24,184,7.67,28,56,50,27,43,62.79,21,112.2,5.34,"No",2012,9,"82B1F8C3-E449-48E1-8D73-1F6E3715EE09","TH-PUTR0017",0.03,10.525,8.2675,103.9,14.6,4.97,0.007525,0.00078,0.02575,4.98,NA,NA,NA,NA,"82B1F8C3-E449-48E1-8D73-1F6E3715EE09",21,241,0,59,64,0,80,1,72,128,33,667,10,145
"38",3582,"THAMES - WEST","THAMES SOURCE TO TEDDINGTON (W SECTION)","RIVER: Natural/semi-natural flowing fresh watercourse","CHURN",96881,1,"SU",7837,95983,"SU0783795983","GB106039029750",89,2,32,2,4.3,49.1,2,38,34,26,180,NA,NA,NA,"2012-10-04","2003-05-06","2014-09-17",22,FALSE,1,30006,"CHURN","SU0783795983",641443,1,"",2012-09-12,"FRESHWATER: INVERTEBRATE All macroinvertebrate samples","3-MIN POND NET (BT001): 3-min active sampling, 1-min hand search as per BT001","National Monitoring",637230,"2013-01-24","LABORATORY PRIMARY: Analysed in laboratory by primary analyst","LOG ABUNDANCE: Estimate of the log abundance (scale as  BT001)",22,116,5.27,23,118.4,5.15,23,44,1.91,7,5,7,13.39,17,82,4.82,12.13,16.55,73.29,7.76,11.16,69.53,22,160,7.27,28,207,7.39,24,63,38.1,26,47,55.32,23,119.4,5.19,"No",2012,9,"82B1F8C3-E449-48E1-8D73-1F6E3715EE09","TH-PUTR0013",0.03,10.12,8.305,98.625,14.05,4.9425,0.007425,0.0007375,0.02275,4.9525,4.415,NA,NA,NA,"82B1F8C3-E449-48E1-8D73-1F6E3715EE09",201,164,0,94,43,0,57,7,592,188,40,1349,13,107
"39",3584,"THAMES - WEST","AMPNEY BROOK","RIVER: Natural/semi-natural flowing fresh watercourse","AMPNEY BROOK",96883,1,"SP",7324,1662,"SP0732401662","GB106039030300",94,2,1.5,2,6.4,42.8,2,49,26,23,202,NA,NA,NA,"2011-01-01","2003-05-06","2021-10-07",34,FALSE,1,30047,"AMPNEY BROOK","SP0732401662",641433,1,"",2012-09-11,"FRESHWATER: INVERTEBRATE All macroinvertebrate samples","3-MIN POND NET (BT001): 3-min active sampling, 1-min hand search as per BT001","National Monitoring",633477,"2012-11-30","LABORATORY PRIMARY: Analysed in laboratory by primary analyst","LOG ABUNDANCE: Estimate of the log abundance (scale as  BT001)",27,149,5.52,31,179.7,5.8,28,46,1.64,5,5,5,8.21,23,117,5.09,16.51,22.39,73.74,11.03,15.15,72.81,26,193,7.42,34,255,7.5,34,69,49.28,36,65,55.38,31,175.9,5.67,"No",2012,9,"D02928A7-3A6A-4FE1-9FDB-505CC2D40C6A","TH-PUTR0175",0.0306666666666667,9.83666666666667,7.85,90.3333333333333,11.5,NA,0.0079,0.00042,NA,NA,3,NA,NA,NA,"D02928A7-3A6A-4FE1-9FDB-505CC2D40C6A",36,366,3,100,238,0,87,22,151,267,48,1282,13,347
"40",4687,"THAMES - NORTH EAST","RODING","RIVER: Natural/semi-natural flowing fresh watercourse","MAYES BROOK",152293,1,"TQ",46329,85272,"TQ4632985272","GB106037028170",6,4,2.9,1,3,6,NA,80,10,10,210,NA,NA,NA,"2013-02-01","2008-04-23","2013-05-07",5,FALSE,1,32541,"MAYES BROOK","TQ4632985272",642825,1,"",2012-10-03,"FRESHWATER: INVERTEBRATE All macroinvertebrate samples","3-MIN POND NET (BT001): 3-min active sampling, 1-min hand search as per BT001","Local Investigative monitoring",630790,"2012-10-04","LABORATORY PRIMARY: Analysed in laboratory by primary analyst","LOG ABUNDANCE: Estimate of the log abundance (scale as  BT001)",16,61,3.81,16,45.5,2.84,17,25,1.47,3,3,3,4.41,10,36,3.6,2,11.06,18.08,NA,5.64,0,14,77,5.5,19,107,5.63,4,49,8.16,4,39,10.26,16,54.5,3.41,"No",2012,10,"F20B2A2A-F273-4A69-9BFA-DB54B5694B23","TH-PRGR0209",0.087,7.02,7.59,75,18.4,4.13,0.177,0.00116,0.193,4.31,NA,NA,NA,0.53,"F20B2A2A-F273-4A69-9BFA-DB54B5694B23",151,2030,21,12,0,1,0,0,100,1150,21,3466,0,0
"41",4688,"THAMES - NORTH EAST","RODING","RIVER: Natural/semi-natural flowing fresh watercourse","MAYES BROOK",152294,1,"TQ",46321,84974,"TQ4632184974","GB106037028170",4,4,3.2,1,2.5,5,0,90,10,0,210,NA,NA,NA,"2013-02-01","2008-04-23","2013-05-07",5,FALSE,1,32546,"MAYES BROOK","TQ4632184974",642822,1,"",2012-10-03,"FRESHWATER: INVERTEBRATE All macroinvertebrate samples","3-MIN POND NET (BT001): 3-min active sampling, 1-min hand search as per BT001","Local Investigative monitoring",631115,"2012-10-04","LABORATORY PRIMARY: Analysed in laboratory by primary analyst","LOG ABUNDANCE: Estimate of the log abundance (scale as  BT001)",11,40,3.64,13,48.3,3.72,7,10,1.43,1,1,1,1.43,8,22,2.75,1.13,4.42,25.57,2.5,4.93,50.71,11,66,6,10,54,5.4,NA,26,0,6,28,21.43,13,52.9,4.07,"No",2012,10,"F20B2A2A-F273-4A69-9BFA-DB54B5694B23","TH-PRGR0199",0.067,7.89,7.49,82.4,17.3,6.82,0.114,0.00066,0.291,6.93,NA,NA,NA,0.75,"F20B2A2A-F273-4A69-9BFA-DB54B5694B23",221,350,13,4,0,0,45,0,8,19,18,675,1,45
"42",4882,"THAMES - NORTH EAST","LEE","RIVER: Natural/semi-natural flowing fresh watercourse","LITTLE HALLINGBURY BROOK",154089,1,"TL",50456,16893,"TL5045616893","GB106038033250",59,7,1.42,1,2,15,10,60,25,5,254,NA,NA,NA,"2012-10-04","2012-05-29","2013-09-09",4,FALSE,1,32935,"LITTLE HALLINGBURY BROOK","TL5045616893",645970,1,"",2012-11-21,"FRESHWATER: INVERTEBRATE All macroinvertebrate samples","3-MIN POND NET (BT001): 3-min active sampling, 1-min hand search as per BT001","National investigative monitoring",637560,"2013-01-30","LABORATORY PRIMARY: Analysed in laboratory by primary analyst","LOG ABUNDANCE: Estimate of the log abundance (scale as  BT001)",18,90,5,19,94.7,4.98,14,17,1.21,1,3,3,3.64,13,60,4.62,9.39,13.8,68.04,6.28,9.18,68.41,17,121,7.12,21,150,7.14,17,46,36.96,22,37,59.46,19,94.3,4.96,"No",2012,11,"4DE4EFBC-89C6-4CAF-80F4-499EF823C357","TH-PLER0643",0.0513333333333333,8.63333333333333,8.04,88.8333333333333,16.6666666666667,2.79533333333333,0.0194333333333333,0.00150333333333333,0.107666666666667,2.81333333333333,NA,NA,NA,NA,"4DE4EFBC-89C6-4CAF-80F4-499EF823C357",170,207,0,37,169,0,6,0,103,673,29,1365,10,175
"43",5159,"THAMES - NORTH EAST","RODING","RIVER: Natural/semi-natural flowing fresh watercourse","MAYES BROOK",158038,1,"TQ",46076,84445,"TQ4607684445","GB106037028171",3,4,3.8,1,2.5,15,0,10,0,90,210,NA,NA,NA,"2013-02-01","2009-10-15","2018-10-19",8,FALSE,1,33608,"MAYES BROOK","TQ4607684445",642819,1,"",2012-10-03,"FRESHWATER: INVERTEBRATE All macroinvertebrate samples","3-MIN POND NET (BT001): 3-min active sampling, 1-min hand search as per BT001","Local Investigative monitoring",631354,"2012-10-23","LABORATORY PRIMARY: Analysed in laboratory by primary analyst","LOG ABUNDANCE: Estimate of the log abundance (scale as  BT001)",15,55,3.67,17,53,3.12,13,21,1.62,5,3,5,8.08,12,39,3.25,1,5.52,18.12,0.75,7.33,10.23,16,90,5.63,18,103,5.72,2,46,4.35,4,45,8.89,17,62,3.65,"No",2012,10,"F20B2A2A-F273-4A69-9BFA-DB54B5694B23","TH-PRGR0200",0.166,9.65,7.72,101.6,17.7,6.26,0.137,0.00283,0.281,6.4,NA,NA,NA,1.2,"F20B2A2A-F273-4A69-9BFA-DB54B5694B23",2060,61,4,10,0,0,8,0,0,1063,25,3215,1,8
